source_id,title,url,checked_date,source_type,fh6_specificity,credibility,coverage,limitations
SRC_FH6TUNE,FH6 Tune Calculator,https://fh6tune.com/,2026-06-03,calculator,high,B,"Calculator inputs for drivetrain weight weight distribution power tire compound suspension aero race goal gearing and gotchas","Opaque calculations; use as source for categories and caution rules, not as copied truth"
SRC_FORZA_TOOLS,forza.tools FH6 Setup Sheet,https://forza.tools/,2026-06-03,calculator,high,B,"FH6 tuner model rev 10 last updated 2026-05-27; covers PI class drivetrain engine layout tire suspension aero brakes diff and sources","Client-side model not independently verified here; use as comparison source and source index"
SRC_TUNELAB_PLAY,TuneLab FH6 Tuning Calculator Google Play,https://play.google.com/store/apps/details?id=com.tunelab.forzah6,2026-06-03,app_listing,high,B,"Claims 500+ FH6 vehicles, PaintLab, tune modes, physics engine, color tooling, offline tune generation","App data not extracted; listing claims only until source/app files are provided"
SRC_FORZA_GUIDE,Forza Horizon 6 Tuning Guide,https://forza.guide/,2026-06-03,guide,high,A,"Clear FH6 workflow, fix-it cards, tune order, tires, gearing, alignment, ARB, springs, damping, aero, brakes, diff","Use as high-confidence method guide; exact numbers still need car context"
SRC_FORZAFIRE_PLATFORM,ForzaFire Platform & Handling Tuning Guide,https://www.forzafire.com/guides/forza-horizon-6-platform-and-handling-tuning-guide,2026-06-03,guide,high,B,"Platform handling upgrade decisions and slider methodology","Editorial guide; cross-check exact baselines"
SRC_FORZAFIRE_TIRES,ForzaFire Tires & Rims Tuning Guide,https://www.forzafire.com/guides/forza-horizon-6-tires-and-rims-tuning-guide,2026-06-03,guide,high,B,"Tire compound, width, rim size and pressure guidance including drift range","Editorial guide; tire behavior can vary by build"
SRC_FH6HUB,FH6Hub,https://fh6hub.com/,2026-06-03,hub,high,B,"Source-aware cars, map, rewards, tuning codes, meta picks, JDM filters","Tune codes are reference only; do not replace self-built tune unless user requests"
SRC_FH6HUB_TUNES,FH6Hub Tuning Codes,https://fh6hub.com/forza-horizon-6-tuning-codes,2026-06-03,tune_code_hub,high,C,"Community/starter tune code browsing by car class event type and confidence","Use for comparison or emergency, not for self-building sessions"
SRC_GAMES_GG,GAMES.GG FH6 tuning guide,https://games.gg/forza-horizon-6/guides/forza-horizon-6-tuning-guide/,2026-06-03,guide,high,C,"General FH6 setting explanations","Less detailed than forza.guide; use as corroboration"
SRC_DESTRUCTOID,Destructoid FH6 slider guide,https://www.destructoid.com/complete-forza-horizon-6-tuning-guide-all-sliders-explained/,2026-06-03,guide,high,C,"Main sliders overview","Editorial overview; not enough alone for exact builds"
SRC_WINDOWS_DRAG,Windows Central FH6 drag guide,https://www.windowscentral.com/gaming/forza/forza-horizon-6-best-drag-cars-and-tuning-setups-to-dominate-the-leaderboards,2026-06-03,article,high,C,"Drag racing framing and examples","Leaderboard/meta angle; check before using as general tuning rule"
SRC_COLOR_REPO_REDDIT,Forza Color Repo update,https://www.reddit.com/r/ForzaHorizon6/comments/1tmzbnv/update_forza_color_repo_we_just_hit_22500/,2026-06-03,community_color_db,medium,C,"Claims 22565+ validated colors and decimal HSB pipeline","Community source; ingest only public export if available and license acceptable"
SRC_HSBCONVERTER,Forza Color Database,https://hsbconverter.com/colors.html,2026-06-03,color_database,medium,C,"Searchable Forza paint colors with HSB decimals","Fetch failed during implementation; keep as target source for future import"
SRC_TRANSFER_SUPPORT,Windows Central FH6 transfer guide,https://www.windowscentral.com/gaming/forza/forza-horizon-6-what-transfers-from-previous-games-vinyls-decals-liveries-eventlab-and-custom-tuning-setups,2026-06-03,article,high,C,"Notes FH6 custom tuning setups do not transfer due to rebalanced classes","Use only for transfer/context; not tune math"
SRC_REDDIT_BASIC,Reddit FH6 build and tune refresher,https://www.reddit.com/r/ForzaHorizon6/comments/1tezgxe/how_to_build_tune_in_forza_horizon_6_basic/,2026-06-03,community_guide,high,C,"Community FH6 change discussion","Community; quote/check before using as strong claim"
SRC_REDDIT_TOOLS,Reddit FH6 tuning tools discussion,https://www.reddit.com/r/ForzaHorizon6/comments/1tfhzuw/forza_horizon_6_tuning_tools/,2026-06-03,community_tool,high,C,"Tool claims around actual weight drivetrain HP class and physics formulas","Use as discovery trail; not primary without tool/source"
SRC_TUNELAB_GITHUB,TuneLab GitHub repository,https://github.com/super-android/tunelab,2026-06-03,open_source_repo,high,B,"MIT-licensed FH6 tuning app with 738-car cars.json, 10993-color colors.json, tune modes, PI-scaled spring/damping/ARB/diff/gearing formulas","Treat as strong open-source tool data, not official game data; several car weights are 0/missing; formula comments include ongoing validation caveats"
SRC_FORZA_OFFICIAL_CARLIST,Official Forza Horizon 6 Car List,https://forza.net/fh6cars?pubDate=20260123,2026-06-03,official_car_list,high,A,"Official Forza car table updated 2026-05-19 with 618 parsed rows: make, car name, car type, PI/class, country, collection, add-ons","Official for roster/availability as of update date; does not include tuning physics, colors, drivetrain, or per-upgrade stats"
SRC_FORZA_OFFICIAL_LIVERY_FAQ,Official Forza Forum FH6 Vinyl/Decal Transfer and Livery Editor FAQ,https://forums.forza.net/t/faq-how-to-transfer-pre-existing-vinyls-decals-to-forza-horizon-6/822888,2026-06-03,official_forum_faq,high,A,"Official notes: EventLab/tuning setups/liveries do not transfer; vinyls/decals can transfer; FH6 adds window liveries, gloss/semigloss/matte/metallic color switching, favorites, new metal flake/candy, independent Forza aero part painting","Use for livery/editor workflow; not tune math"
SRC_FORZA_SERIES1_OFFICIAL,Official Forza Series 1 Welcome to Japan blog,https://forza.net/news/forza-horizon-6-series-1,2026-06-03,official_playlist_news,high,A,"Official Series 1 reward cars, Time Attack Car Pack, Car Pass dates, Series 2 preview, playlist mechanics","Use as known reward schedule reference; live-check current weekly details before answering current playlist"
SRC_FORZA_SERIES2_FORUM,Official Forza Forum Series 2 Horizon Decades post,https://forums.forza.net/t/fh6-series-2-horizon-decades-june-18-july-16/826277,2026-06-03,official_forum_playlist,high,A,"Official Series 2 rewards, dates, Car Pass drops, Decades badge note","Use as future schedule reference; live-check after reset for event details"
SRC_FORZA_GUIDE_META,Forza Guide Meta Cars,https://forza.guide/meta,2026-06-03,leaderboard_meta,high,B,"Monthly leaderboard-appearance meta cars by class and road/dirt tracks; initial top road-by-class table captured","Leaderboard signal, not universal recommendation; do not override user/event restrictions"
SRC_FH6CARS_JDM,FH6Cars JDM guide,https://fh6cars.com/cars/jdm/,2026-06-03,community_car_guide,high,B,"JDM roster guide with route context, tags such as Drift/Rally/Track-focused/Off-road, source labels","Community site; use as tagging/context supplement after official roster"
SRC_FH6CARS_MAP,FH6Cars Japan map route intents,https://fh6cars.com/map/,2026-06-03,community_map_guide,high,B,"Route intent guidance for Tokyo, C1 Loop, Haruna touge, Alps rally/snow, barn/treasure watch","Community site; use as route-context supplement, not official event data"
